voucher_id,voucher_code,voucher_type,discount_amount,discount_percentage,min_purchase_amount,start_date,end_date,max_usage,promo_category
VCH00001,NEWUSER50,fixed_amount,50000.0,0.0,100000.0,2025-12-09 00:20:47.779221,2026-07-07 00:20:47.779221,10000,new_user_promo
VCH00002,NEW_USER_PROMO_328_2,percentage,0.0,10.0,100000.0,2025-12-09 00:20:47.779221,2026-07-07 00:20:47.779221,100,new_user_promo
VCH00003,REFERRAL_REWARD_532_3,percentage,0.0,25.0,0.0,2025-12-09 00:20:47.779221,2026-07-07 00:20:47.779221,50,referral_reward
VCH00004,NEW_USER_PROMO_617_4,percentage,0.0,10.0,50000.0,2025-12-09 00:20:47.779221,2026-07-07 00:20:47.779221,50,new_user_promo
VCH00005,REFERRAL_REWARD_559_5,percentage,0.0,10.0,150000.0,2025-12-09 00:20:47.779221,2026-07-07 00:20:47.779221,500,referral_reward
VCH00006,FREE_SHIPPING_384_6,percentage,0.0,15.0,150000.0,2025-12-09 00:20:47.779221,2026-07-07 00:20:47.779221,100,free_shipping
VCH00007,CASHBACK_489_7,percentage,0.0,5.0,0.0,2025-12-09 00:20:47.779221,2026-07-07 00:20:47.779221,50,cashback
VCH00008,CASHBACK_847_8,fixed_amount,10000.0,0.0,100000.0,2025-12-09 00:20:47.779221,2026-07-07 00:20:47.779221,1000,cashback
VCH00009,FLASH_SALE_400_9,percentage,0.0,25.0,0.0,2025-12-09 00:20:47.779221,2026-07-07 00:20:47.779221,500,flash_sale
VCH00010,REFERRAL_REWARD_777_10,percentage,0.0,5.0,0.0,2025-12-09 00:20:47.779221,2026-07-07 00:20:47.779221,100,referral_reward
VCH00011,NEW_USER_PROMO_489_11,fixed_amount,10000.0,0.0,50000.0,2025-12-09 00:20:47.779221,2026-07-07 00:20:47.779221,500,new_user_promo
VCH00012,REFERRAL_REWARD_479_12,fixed_amount,20000.0,0.0,100000.0,2025-12-09 00:20:47.779221,2026-07-07 00:20:47.779221,500,referral_reward
VCH00013,REFERRAL_REWARD_723_13,percentage,0.0,5.0,100000.0,2025-12-09 00:20:47.779221,2026-07-07 00:20:47.779221,100,referral_reward
VCH00014,FREE_SHIPPING_376_14,percentage,0.0,20.0,150000.0,2025-12-09 00:20:47.779221,2026-07-07 00:20:47.779221,100,free_shipping
VCH00015,NEW_USER_PROMO_924_15,fixed_amount,10000.0,0.0,50000.0,2025-12-09 00:20:47.779221,2026-07-07 00:20:47.779221,500,new_user_promo
VCH00016,CASHBACK_680_16,fixed_amount,20000.0,0.0,0.0,2025-12-09 00:20:47.779221,2026-07-07 00:20:47.779221,500,cashback
VCH00017,REFERRAL_REWARD_758_17,percentage,0.0,20.0,150000.0,2025-12-09 00:20:47.779221,2026-07-07 00:20:47.779221,1000,referral_reward
VCH00018,CASHBACK_862_18,percentage,0.0,10.0,50000.0,2025-12-09 00:20:47.779221,2026-07-07 00:20:47.779221,500,cashback
VCH00019,LOYALTY_REWARD_324_19,fixed_amount,50000.0,0.0,150000.0,2025-12-09 00:20:47.779221,2026-07-07 00:20:47.779221,100,loyalty_reward
VCH00020,NEW_USER_PROMO_256_20,fixed_amount,10000.0,0.0,0.0,2025-12-09 00:20:47.779221,2026-07-07 00:20:47.779221,100,new_user_promo
VCH00021,LOYALTY_REWARD_490_21,fixed_amount,75000.0,0.0,0.0,2025-12-09 00:20:47.779221,2026-07-07 00:20:47.779221,1000,loyalty_reward
VCH00022,LOYALTY_REWARD_798_22,fixed_amount,10000.0,0.0,0.0,2025-12-09 00:20:47.779221,2026-07-07 00:20:47.779221,500,loyalty_reward
VCH00023,NEW_USER_PROMO_261_23,fixed_amount,75000.0,0.0,100000.0,2025-12-09 00:20:47.779221,2026-07-07 00:20:47.779221,1000,new_user_promo
VCH00024,REFERRAL_REWARD_880_24,percentage,0.0,25.0,100000.0,2025-12-09 00:20:47.779221,2026-07-07 00:20:47.779221,100,referral_reward
VCH00025,REFERRAL_REWARD_723_25,percentage,0.0,25.0,100000.0,2025-12-09 00:20:47.779221,2026-07-07 00:20:47.779221,100,referral_reward
VCH00026,CASHBACK_897_26,percentage,0.0,25.0,50000.0,2025-12-09 00:20:47.779221,2026-07-07 00:20:47.779221,50,cashback
VCH00027,FLASH_SALE_471_27,fixed_amount,10000.0,0.0,0.0,2025-12-09 00:20:47.779221,2026-07-07 00:20:47.779221,500,flash_sale
VCH00028,NEW_USER_PROMO_180_28,percentage,0.0,25.0,50000.0,2025-12-09 00:20:47.779221,2026-07-07 00:20:47.779221,50,new_user_promo
VCH00029,NEW_USER_PROMO_775_29,fixed_amount,20000.0,0.0,50000.0,2025-12-09 00:20:47.779221,2026-07-07 00:20:47.779221,1000,new_user_promo
VCH00030,CASHBACK_652_30,percentage,0.0,10.0,150000.0,2025-12-09 00:20:47.779221,2026-07-07 00:20:47.779221,100,cashback
VCH00031,FLASH_SALE_629_31,fixed_amount,75000.0,0.0,100000.0,2025-12-09 00:20:47.779221,2026-07-07 00:20:47.779221,1000,flash_sale
VCH00032,FREE_SHIPPING_446_32,percentage,0.0,5.0,50000.0,2025-12-09 00:20:47.779221,2026-07-07 00:20:47.779221,50,free_shipping
VCH00033,LOYALTY_REWARD_172_33,percentage,0.0,5.0,50000.0,2025-12-09 00:20:47.779221,2026-07-07 00:20:47.779221,50,loyalty_reward
VCH00034,NEW_USER_PROMO_172_34,percentage,0.0,15.0,0.0,2025-12-09 00:20:47.779221,2026-07-07 00:20:47.779221,100,new_user_promo
VCH00035,REFERRAL_REWARD_652_35,fixed_amount,20000.0,0.0,150000.0,2025-12-09 00:20:47.779221,2026-07-07 00:20:47.779221,100,referral_reward
VCH00036,FREE_SHIPPING_294_36,fixed_amount,75000.0,0.0,150000.0,2025-12-09 00:20:47.779221,2026-07-07 00:20:47.779221,50,free_shipping
VCH00037,REFERRAL_REWARD_533_37,percentage,0.0,15.0,150000.0,2025-12-09 00:20:47.779221,2026-07-07 00:20:47.779221,1000,referral_reward
VCH00038,REFERRAL_REWARD_162_38,fixed_amount,10000.0,0.0,0.0,2025-12-09 00:20:47.779221,2026-07-07 00:20:47.779221,1000,referral_reward
VCH00039,NEW_USER_PROMO_294_39,fixed_amount,20000.0,0.0,50000.0,2025-12-09 00:20:47.779221,2026-07-07 00:20:47.779221,1000,new_user_promo
VCH00040,FLASH_SALE_573_40,percentage,0.0,15.0,50000.0,2025-12-09 00:20:47.779221,2026-07-07 00:20:47.779221,100,flash_sale
VCH00041,FLASH_SALE_767_41,percentage,0.0,5.0,0.0,2025-12-09 00:20:47.779221,2026-07-07 00:20:47.779221,50,flash_sale
VCH00042,FREE_SHIPPING_597_42,percentage,0.0,20.0,50000.0,2025-12-09 00:20:47.779221,2026-07-07 00:20:47.779221,1000,free_shipping
VCH00043,FLASH_SALE_488_43,percentage,0.0,10.0,0.0,2025-12-09 00:20:47.779221,2026-07-07 00:20:47.779221,50,flash_sale
VCH00044,CASHBACK_533_44,fixed_amount,50000.0,0.0,150000.0,2025-12-09 00:20:47.779221,2026-07-07 00:20:47.779221,1000,cashback
VCH00045,FREE_SHIPPING_159_45,percentage,0.0,10.0,100000.0,2025-12-09 00:20:47.779221,2026-07-07 00:20:47.779221,50,free_shipping
VCH00046,NEW_USER_PROMO_614_46,fixed_amount,75000.0,0.0,0.0,2025-12-09 00:20:47.779221,2026-07-07 00:20:47.779221,100,new_user_promo
VCH00047,LOYALTY_REWARD_170_47,percentage,0.0,10.0,0.0,2025-12-09 00:20:47.779221,2026-07-07 00:20:47.779221,50,loyalty_reward
VCH00048,FLASH_SALE_352_48,percentage,0.0,25.0,0.0,2025-12-09 00:20:47.779221,2026-07-07 00:20:47.779221,50,flash_sale
VCH00049,FLASH_SALE_309_49,percentage,0.0,15.0,100000.0,2025-12-09 00:20:47.779221,2026-07-07 00:20:47.779221,500,flash_sale
VCH00050,CASHBACK_787_50,percentage,0.0,10.0,150000.0,2025-12-09 00:20:47.779221,2026-07-07 00:20:47.779221,500,cashback
VCH00051,CASHBACK_569_51,fixed_amount,10000.0,0.0,0.0,2025-12-09 00:20:47.779221,2026-07-07 00:20:47.779221,50,cashback
VCH00052,LOYALTY_REWARD_371_52,percentage,0.0,25.0,50000.0,2025-12-09 00:20:47.779221,2026-07-07 00:20:47.779221,100,loyalty_reward
VCH00053,NEW_USER_PROMO_391_53,fixed_amount,50000.0,0.0,50000.0,2025-12-09 00:20:47.779221,2026-07-07 00:20:47.779221,100,new_user_promo
VCH00054,LOYALTY_REWARD_783_54,fixed_amount,10000.0,0.0,100000.0,2025-12-09 00:20:47.779221,2026-07-07 00:20:47.779221,500,loyalty_reward
VCH00055,FREE_SHIPPING_209_55,percentage,0.0,5.0,100000.0,2025-12-09 00:20:47.779221,2026-07-07 00:20:47.779221,100,free_shipping
VCH00056,CASHBACK_308_56,fixed_amount,50000.0,0.0,50000.0,2025-12-09 00:20:47.779221,2026-07-07 00:20:47.779221,500,cashback
VCH00057,CASHBACK_749_57,fixed_amount,10000.0,0.0,0.0,2025-12-09 00:20:47.779221,2026-07-07 00:20:47.779221,1000,cashback
VCH00058,NEW_USER_PROMO_889_58,fixed_amount,50000.0,0.0,0.0,2025-12-09 00:20:47.779221,2026-07-07 00:20:47.779221,100,new_user_promo
VCH00059,FREE_SHIPPING_674_59,fixed_amount,75000.0,0.0,150000.0,2025-12-09 00:20:47.779221,2026-07-07 00:20:47.779221,50,free_shipping
VCH00060,NEW_USER_PROMO_136_60,percentage,0.0,25.0,50000.0,2025-12-09 00:20:47.779221,2026-07-07 00:20:47.779221,500,new_user_promo
VCH00061,FLASH_SALE_415_61,percentage,0.0,5.0,50000.0,2025-12-09 00:20:47.779221,2026-07-07 00:20:47.779221,500,flash_sale
VCH00062,CASHBACK_782_62,percentage,0.0,10.0,50000.0,2025-12-09 00:20:47.779221,2026-07-07 00:20:47.779221,50,cashback
VCH00063,LOYALTY_REWARD_342_63,fixed_amount,20000.0,0.0,150000.0,2025-12-09 00:20:47.779221,2026-07-07 00:20:47.779221,100,loyalty_reward
VCH00064,FLASH_SALE_854_64,percentage,0.0,10.0,0.0,2025-12-09 00:20:47.779221,2026-07-07 00:20:47.779221,500,flash_sale
VCH00065,REFERRAL_REWARD_263_65,fixed_amount,50000.0,0.0,50000.0,2025-12-09 00:20:47.779221,2026-07-07 00:20:47.779221,50,referral_reward
VCH00066,NEW_USER_PROMO_304_66,fixed_amount,20000.0,0.0,150000.0,2025-12-09 00:20:47.779221,2026-07-07 00:20:47.779221,1000,new_user_promo
VCH00067,CASHBACK_124_67,fixed_amount,20000.0,0.0,50000.0,2025-12-09 00:20:47.779221,2026-07-07 00:20:47.779221,100,cashback
VCH00068,CASHBACK_891_68,fixed_amount,10000.0,0.0,100000.0,2025-12-09 00:20:47.779221,2026-07-07 00:20:47.779221,500,cashback
VCH00069,REFERRAL_REWARD_128_69,fixed_amount,50000.0,0.0,150000.0,2025-12-09 00:20:47.779221,2026-07-07 00:20:47.779221,50,referral_reward
VCH00070,FREE_SHIPPING_211_70,fixed_amount,10000.0,0.0,100000.0,2025-12-09 00:20:47.779221,2026-07-07 00:20:47.779221,1000,free_shipping
VCH00071,REFERRAL_REWARD_720_71,fixed_amount,75000.0,0.0,100000.0,2025-12-09 00:20:47.779221,2026-07-07 00:20:47.779221,50,referral_reward
VCH00072,LOYALTY_REWARD_145_72,fixed_amount,50000.0,0.0,50000.0,2025-12-09 00:20:47.779221,2026-07-07 00:20:47.779221,1000,loyalty_reward
VCH00073,LOYALTY_REWARD_541_73,percentage,0.0,15.0,50000.0,2025-12-09 00:20:47.779221,2026-07-07 00:20:47.779221,50,loyalty_reward
VCH00074,LOYALTY_REWARD_837_74,fixed_amount,10000.0,0.0,100000.0,2025-12-09 00:20:47.779221,2026-07-07 00:20:47.779221,500,loyalty_reward
VCH00075,REFERRAL_REWARD_512_75,fixed_amount,50000.0,0.0,150000.0,2025-12-09 00:20:47.779221,2026-07-07 00:20:47.779221,500,referral_reward
VCH00076,FREE_SHIPPING_793_76,percentage,0.0,20.0,150000.0,2025-12-09 00:20:47.779221,2026-07-07 00:20:47.779221,100,free_shipping
VCH00077,FLASH_SALE_393_77,fixed_amount,50000.0,0.0,0.0,2025-12-09 00:20:47.779221,2026-07-07 00:20:47.779221,100,flash_sale
VCH00078,LOYALTY_REWARD_552_78,fixed_amount,75000.0,0.0,100000.0,2025-12-09 00:20:47.779221,2026-07-07 00:20:47.779221,1000,loyalty_reward
VCH00079,LOYALTY_REWARD_774_79,percentage,0.0,10.0,150000.0,2025-12-09 00:20:47.779221,2026-07-07 00:20:47.779221,50,loyalty_reward
VCH00080,LOYALTY_REWARD_938_80,fixed_amount,10000.0,0.0,100000.0,2025-12-09 00:20:47.779221,2026-07-07 00:20:47.779221,100,loyalty_reward
VCH00081,FREE_SHIPPING_125_81,fixed_amount,20000.0,0.0,50000.0,2025-12-09 00:20:47.779221,2026-07-07 00:20:47.779221,50,free_shipping
VCH00082,FLASH_SALE_524_82,percentage,0.0,20.0,0.0,2025-12-09 00:20:47.779221,2026-07-07 00:20:47.779221,100,flash_sale
VCH00083,FLASH_SALE_251_83,fixed_amount,20000.0,0.0,150000.0,2025-12-09 00:20:47.779221,2026-07-07 00:20:47.779221,50,flash_sale
VCH00084,FLASH_SALE_923_84,percentage,0.0,10.0,50000.0,2025-12-09 00:20:47.779221,2026-07-07 00:20:47.779221,1000,flash_sale
VCH00085,LOYALTY_REWARD_567_85,percentage,0.0,5.0,50000.0,2025-12-09 00:20:47.779221,2026-07-07 00:20:47.779221,100,loyalty_reward
VCH00086,REFERRAL_REWARD_727_86,fixed_amount,75000.0,0.0,100000.0,2025-12-09 00:20:47.779221,2026-07-07 00:20:47.779221,1000,referral_reward
VCH00087,FREE_SHIPPING_365_87,fixed_amount,75000.0,0.0,150000.0,2025-12-09 00:20:47.779221,2026-07-07 00:20:47.779221,100,free_shipping
VCH00088,LOYALTY_REWARD_381_88,fixed_amount,20000.0,0.0,150000.0,2025-12-09 00:20:47.779221,2026-07-07 00:20:47.779221,1000,loyalty_reward
VCH00089,REFERRAL_REWARD_378_89,percentage,0.0,10.0,100000.0,2025-12-09 00:20:47.779221,2026-07-07 00:20:47.779221,500,referral_reward
VCH00090,LOYALTY_REWARD_254_90,fixed_amount,20000.0,0.0,0.0,2025-12-09 00:20:47.779221,2026-07-07 00:20:47.779221,100,loyalty_reward
VCH00091,REFERRAL_REWARD_165_91,fixed_amount,20000.0,0.0,50000.0,2025-12-09 00:20:47.779221,2026-07-07 00:20:47.779221,1000,referral_reward
VCH00092,CASHBACK_163_92,fixed_amount,75000.0,0.0,150000.0,2025-12-09 00:20:47.779221,2026-07-07 00:20:47.779221,100,cashback
VCH00093,FLASH_SALE_588_93,fixed_amount,75000.0,0.0,0.0,2025-12-09 00:20:47.779221,2026-07-07 00:20:47.779221,50,flash_sale
VCH00094,CASHBACK_651_94,fixed_amount,75000.0,0.0,150000.0,2025-12-09 00:20:47.779221,2026-07-07 00:20:47.779221,100,cashback
VCH00095,FREE_SHIPPING_597_95,fixed_amount,75000.0,0.0,100000.0,2025-12-09 00:20:47.779221,2026-07-07 00:20:47.779221,50,free_shipping
VCH00096,CASHBACK_960_96,fixed_amount,20000.0,0.0,150000.0,2025-12-09 00:20:47.779221,2026-07-07 00:20:47.779221,1000,cashback
VCH00097,LOYALTY_REWARD_706_97,percentage,0.0,20.0,0.0,2025-12-09 00:20:47.779221,2026-07-07 00:20:47.779221,50,loyalty_reward
VCH00098,REFERRAL_REWARD_987_98,percentage,0.0,10.0,150000.0,2025-12-09 00:20:47.779221,2026-07-07 00:20:47.779221,1000,referral_reward
VCH00099,NEW_USER_PROMO_435_99,percentage,0.0,20.0,100000.0,2025-12-09 00:20:47.779221,2026-07-07 00:20:47.779221,100,new_user_promo
VCH00100,CASHBACK_384_100,fixed_amount,75000.0,0.0,100000.0,2025-12-09 00:20:47.779221,2026-07-07 00:20:47.779221,1000,cashback
VCH00101,NEW_USER_PROMO_867_101,fixed_amount,10000.0,0.0,150000.0,2025-12-09 00:20:47.779221,2026-07-07 00:20:47.779221,50,new_user_promo
VCH00102,FREE_SHIPPING_872_102,fixed_amount,10000.0,0.0,0.0,2025-12-09 00:20:47.779221,2026-07-07 00:20:47.779221,50,free_shipping
VCH00103,FREE_SHIPPING_256_103,percentage,0.0,25.0,0.0,2025-12-09 00:20:47.779221,2026-07-07 00:20:47.779221,100,free_shipping
VCH00104,FLASH_SALE_323_104,percentage,0.0,25.0,0.0,2025-12-09 00:20:47.779221,2026-07-07 00:20:47.779221,1000,flash_sale
VCH00105,CASHBACK_896_105,fixed_amount,10000.0,0.0,50000.0,2025-12-09 00:20:47.779221,2026-07-07 00:20:47.779221,100,cashback
VCH00106,NEW_USER_PROMO_689_106,fixed_amount,50000.0,0.0,0.0,2025-12-09 00:20:47.779221,2026-07-07 00:20:47.779221,1000,new_user_promo
VCH00107,REFERRAL_REWARD_706_107,fixed_amount,10000.0,0.0,50000.0,2025-12-09 00:20:47.779221,2026-07-07 00:20:47.779221,100,referral_reward
VCH00108,REFERRAL_REWARD_924_108,percentage,0.0,25.0,100000.0,2025-12-09 00:20:47.779221,2026-07-07 00:20:47.779221,50,referral_reward
VCH00109,CASHBACK_170_109,percentage,0.0,15.0,150000.0,2025-12-09 00:20:47.779221,2026-07-07 00:20:47.779221,500,cashback
VCH00110,FLASH_SALE_543_110,percentage,0.0,5.0,150000.0,2025-12-09 00:20:47.779221,2026-07-07 00:20:47.779221,500,flash_sale
VCH00111,REFERRAL_REWARD_280_111,fixed_amount,75000.0,0.0,50000.0,2025-12-09 00:20:47.779221,2026-07-07 00:20:47.779221,500,referral_reward
VCH00112,FLASH_SALE_430_112,fixed_amount,50000.0,0.0,150000.0,2025-12-09 00:20:47.779221,2026-07-07 00:20:47.779221,100,flash_sale
VCH00113,CASHBACK_868_113,percentage,0.0,10.0,150000.0,2025-12-09 00:20:47.779221,2026-07-07 00:20:47.779221,1000,cashback
VCH00114,CASHBACK_971_114,fixed_amount,75000.0,0.0,0.0,2025-12-09 00:20:47.779221,2026-07-07 00:20:47.779221,500,cashback
VCH00115,FLASH_SALE_916_115,percentage,0.0,15.0,50000.0,2025-12-09 00:20:47.779221,2026-07-07 00:20:47.779221,500,flash_sale
VCH00116,CASHBACK_629_116,fixed_amount,10000.0,0.0,100000.0,2025-12-09 00:20:47.779221,2026-07-07 00:20:47.779221,100,cashback
VCH00117,FREE_SHIPPING_668_117,percentage,0.0,20.0,150000.0,2025-12-09 00:20:47.779221,2026-07-07 00:20:47.779221,100,free_shipping
VCH00118,REFERRAL_REWARD_911_118,fixed_amount,75000.0,0.0,150000.0,2025-12-09 00:20:47.779221,2026-07-07 00:20:47.779221,50,referral_reward
VCH00119,CASHBACK_808_119,percentage,0.0,20.0,50000.0,2025-12-09 00:20:47.779221,2026-07-07 00:20:47.779221,100,cashback
VCH00120,REFERRAL_REWARD_666_120,fixed_amount,75000.0,0.0,100000.0,2025-12-09 00:20:47.779221,2026-07-07 00:20:47.779221,500,referral_reward
VCH00121,REFERRAL_REWARD_819_121,fixed_amount,50000.0,0.0,100000.0,2025-12-09 00:20:47.779221,2026-07-07 00:20:47.779221,1000,referral_reward
VCH00122,CASHBACK_223_122,fixed_amount,20000.0,0.0,100000.0,2025-12-09 00:20:47.779221,2026-07-07 00:20:47.779221,100,cashback
VCH00123,NEW_USER_PROMO_321_123,fixed_amount,20000.0,0.0,50000.0,2025-12-09 00:20:47.779221,2026-07-07 00:20:47.779221,1000,new_user_promo
VCH00124,REFERRAL_REWARD_952_124,fixed_amount,10000.0,0.0,100000.0,2025-12-09 00:20:47.779221,2026-07-07 00:20:47.779221,100,referral_reward
VCH00125,FREE_SHIPPING_409_125,fixed_amount,20000.0,0.0,100000.0,2025-12-09 00:20:47.779221,2026-07-07 00:20:47.779221,50,free_shipping
VCH00126,CASHBACK_666_126,percentage,0.0,5.0,0.0,2025-12-09 00:20:47.779221,2026-07-07 00:20:47.779221,500,cashback
VCH00127,REFERRAL_REWARD_993_127,percentage,0.0,5.0,150000.0,2025-12-09 00:20:47.779221,2026-07-07 00:20:47.779221,50,referral_reward
VCH00128,FLASH_SALE_448_128,fixed_amount,75000.0,0.0,150000.0,2025-12-09 00:20:47.779221,2026-07-07 00:20:47.779221,100,flash_sale
VCH00129,CASHBACK_941_129,percentage,0.0,5.0,150000.0,2025-12-09 00:20:47.779221,2026-07-07 00:20:47.779221,50,cashback
VCH00130,FLASH_SALE_255_130,fixed_amount,10000.0,0.0,0.0,2025-12-09 00:20:47.779221,2026-07-07 00:20:47.779221,100,flash_sale
VCH00131,NEW_USER_PROMO_671_131,fixed_amount,10000.0,0.0,50000.0,2025-12-09 00:20:47.779221,2026-07-07 00:20:47.779221,1000,new_user_promo
VCH00132,LOYALTY_REWARD_553_132,percentage,0.0,20.0,150000.0,2025-12-09 00:20:47.779221,2026-07-07 00:20:47.779221,500,loyalty_reward
VCH00133,CASHBACK_881_133,fixed_amount,10000.0,0.0,0.0,2025-12-09 00:20:47.779221,2026-07-07 00:20:47.779221,100,cashback
VCH00134,CASHBACK_345_134,percentage,0.0,10.0,0.0,2025-12-09 00:20:47.779221,2026-07-07 00:20:47.779221,100,cashback
VCH00135,FREE_SHIPPING_561_135,percentage,0.0,20.0,0.0,2025-12-09 00:20:47.779221,2026-07-07 00:20:47.779221,1000,free_shipping
VCH00136,NEW_USER_PROMO_823_136,fixed_amount,50000.0,0.0,50000.0,2025-12-09 00:20:47.779221,2026-07-07 00:20:47.779221,500,new_user_promo
VCH00137,NEW_USER_PROMO_906_137,fixed_amount,50000.0,0.0,50000.0,2025-12-09 00:20:47.779221,2026-07-07 00:20:47.779221,100,new_user_promo
VCH00138,NEW_USER_PROMO_372_138,fixed_amount,20000.0,0.0,50000.0,2025-12-09 00:20:47.779221,2026-07-07 00:20:47.779221,100,new_user_promo
VCH00139,NEW_USER_PROMO_709_139,percentage,0.0,15.0,50000.0,2025-12-09 00:20:47.779221,2026-07-07 00:20:47.779221,500,new_user_promo
VCH00140,NEW_USER_PROMO_816_140,fixed_amount,50000.0,0.0,150000.0,2025-12-09 00:20:47.779221,2026-07-07 00:20:47.779221,1000,new_user_promo
VCH00141,LOYALTY_REWARD_182_141,fixed_amount,75000.0,0.0,150000.0,2025-12-09 00:20:47.779221,2026-07-07 00:20:47.779221,50,loyalty_reward
VCH00142,REFERRAL_REWARD_126_142,fixed_amount,50000.0,0.0,100000.0,2025-12-09 00:20:47.779221,2026-07-07 00:20:47.779221,50,referral_reward
VCH00143,REFERRAL_REWARD_690_143,percentage,0.0,15.0,0.0,2025-12-09 00:20:47.779221,2026-07-07 00:20:47.779221,50,referral_reward
VCH00144,FLASH_SALE_285_144,percentage,0.0,15.0,150000.0,2025-12-09 00:20:47.779221,2026-07-07 00:20:47.779221,1000,flash_sale
VCH00145,NEW_USER_PROMO_518_145,fixed_amount,50000.0,0.0,150000.0,2025-12-09 00:20:47.779221,2026-07-07 00:20:47.779221,500,new_user_promo
VCH00146,REFERRAL_REWARD_437_146,fixed_amount,20000.0,0.0,0.0,2025-12-09 00:20:47.779221,2026-07-07 00:20:47.779221,1000,referral_reward
VCH00147,CASHBACK_565_147,fixed_amount,10000.0,0.0,150000.0,2025-12-09 00:20:47.779221,2026-07-07 00:20:47.779221,50,cashback
VCH00148,CASHBACK_891_148,fixed_amount,10000.0,0.0,100000.0,2025-12-09 00:20:47.779221,2026-07-07 00:20:47.779221,1000,cashback
VCH00149,REFERRAL_REWARD_155_149,percentage,0.0,20.0,150000.0,2025-12-09 00:20:47.779221,2026-07-07 00:20:47.779221,100,referral_reward
VCH00150,LOYALTY_REWARD_878_150,fixed_amount,75000.0,0.0,150000.0,2025-12-09 00:20:47.779221,2026-07-07 00:20:47.779221,50,loyalty_reward
VCH00151,CASHBACK_548_151,percentage,0.0,15.0,50000.0,2025-12-09 00:20:47.779221,2026-07-07 00:20:47.779221,1000,cashback
VCH00152,NEW_USER_PROMO_418_152,percentage,0.0,10.0,50000.0,2025-12-09 00:20:47.779221,2026-07-07 00:20:47.779221,50,new_user_promo
VCH00153,NEW_USER_PROMO_572_153,fixed_amount,10000.0,0.0,50000.0,2025-12-09 00:20:47.779221,2026-07-07 00:20:47.779221,50,new_user_promo
VCH00154,FLASH_SALE_822_154,percentage,0.0,25.0,100000.0,2025-12-09 00:20:47.779221,2026-07-07 00:20:47.779221,500,flash_sale
VCH00155,FLASH_SALE_567_155,fixed_amount,20000.0,0.0,150000.0,2025-12-09 00:20:47.779221,2026-07-07 00:20:47.779221,100,flash_sale
VCH00156,FREE_SHIPPING_382_156,fixed_amount,10000.0,0.0,50000.0,2025-12-09 00:20:47.779221,2026-07-07 00:20:47.779221,1000,free_shipping
VCH00157,LOYALTY_REWARD_389_157,fixed_amount,10000.0,0.0,100000.0,2025-12-09 00:20:47.779221,2026-07-07 00:20:47.779221,500,loyalty_reward
VCH00158,FREE_SHIPPING_453_158,fixed_amount,75000.0,0.0,150000.0,2025-12-09 00:20:47.779221,2026-07-07 00:20:47.779221,500,free_shipping
VCH00159,FLASH_SALE_814_159,fixed_amount,20000.0,0.0,100000.0,2025-12-09 00:20:47.779221,2026-07-07 00:20:47.779221,100,flash_sale
VCH00160,FREE_SHIPPING_425_160,fixed_amount,10000.0,0.0,150000.0,2025-12-09 00:20:47.779221,2026-07-07 00:20:47.779221,1000,free_shipping
VCH00161,FLASH_SALE_137_161,fixed_amount,75000.0,0.0,50000.0,2025-12-09 00:20:47.779221,2026-07-07 00:20:47.779221,100,flash_sale
VCH00162,NEW_USER_PROMO_638_162,fixed_amount,10000.0,0.0,150000.0,2025-12-09 00:20:47.779221,2026-07-07 00:20:47.779221,1000,new_user_promo
VCH00163,REFERRAL_REWARD_991_163,percentage,0.0,20.0,50000.0,2025-12-09 00:20:47.779221,2026-07-07 00:20:47.779221,100,referral_reward
VCH00164,FLASH_SALE_738_164,percentage,0.0,15.0,100000.0,2025-12-09 00:20:47.779221,2026-07-07 00:20:47.779221,1000,flash_sale
VCH00165,CASHBACK_741_165,percentage,0.0,15.0,150000.0,2025-12-09 00:20:47.779221,2026-07-07 00:20:47.779221,1000,cashback
VCH00166,LOYALTY_REWARD_746_166,percentage,0.0,10.0,0.0,2025-12-09 00:20:47.779221,2026-07-07 00:20:47.779221,500,loyalty_reward
VCH00167,REFERRAL_REWARD_200_167,percentage,0.0,20.0,0.0,2025-12-09 00:20:47.779221,2026-07-07 00:20:47.779221,50,referral_reward
VCH00168,FREE_SHIPPING_147_168,fixed_amount,10000.0,0.0,100000.0,2025-12-09 00:20:47.779221,2026-07-07 00:20:47.779221,500,free_shipping
VCH00169,CASHBACK_541_169,percentage,0.0,15.0,100000.0,2025-12-09 00:20:47.779221,2026-07-07 00:20:47.779221,100,cashback
VCH00170,LOYALTY_REWARD_798_170,percentage,0.0,25.0,150000.0,2025-12-09 00:20:47.779221,2026-07-07 00:20:47.779221,100,loyalty_reward
VCH00171,FREE_SHIPPING_991_171,percentage,0.0,25.0,0.0,2025-12-09 00:20:47.779221,2026-07-07 00:20:47.779221,1000,free_shipping
VCH00172,FLASH_SALE_572_172,percentage,0.0,10.0,50000.0,2025-12-09 00:20:47.779221,2026-07-07 00:20:47.779221,500,flash_sale
VCH00173,CASHBACK_394_173,fixed_amount,75000.0,0.0,0.0,2025-12-09 00:20:47.779221,2026-07-07 00:20:47.779221,100,cashback
VCH00174,FLASH_SALE_406_174,percentage,0.0,25.0,100000.0,2025-12-09 00:20:47.779221,2026-07-07 00:20:47.779221,1000,flash_sale
VCH00175,FLASH_SALE_493_175,fixed_amount,20000.0,0.0,100000.0,2025-12-09 00:20:47.779221,2026-07-07 00:20:47.779221,1000,flash_sale
VCH00176,FREE_SHIPPING_467_176,percentage,0.0,25.0,150000.0,2025-12-09 00:20:47.779221,2026-07-07 00:20:47.779221,500,free_shipping
VCH00177,NEW_USER_PROMO_108_177,fixed_amount,50000.0,0.0,150000.0,2025-12-09 00:20:47.779221,2026-07-07 00:20:47.779221,50,new_user_promo
VCH00178,CASHBACK_324_178,fixed_amount,50000.0,0.0,50000.0,2025-12-09 00:20:47.779221,2026-07-07 00:20:47.779221,100,cashback
VCH00179,REFERRAL_REWARD_742_179,fixed_amount,10000.0,0.0,50000.0,2025-12-09 00:20:47.779221,2026-07-07 00:20:47.779221,50,referral_reward
VCH00180,FLASH_SALE_849_180,fixed_amount,50000.0,0.0,0.0,2025-12-09 00:20:47.779221,2026-07-07 00:20:47.779221,100,flash_sale
VCH00181,CASHBACK_279_181,percentage,0.0,20.0,100000.0,2025-12-09 00:20:47.779221,2026-07-07 00:20:47.779221,100,cashback
VCH00182,LOYALTY_REWARD_613_182,percentage,0.0,25.0,100000.0,2025-12-09 00:20:47.779221,2026-07-07 00:20:47.779221,500,loyalty_reward
VCH00183,CASHBACK_864_183,percentage,0.0,15.0,150000.0,2025-12-09 00:20:47.779221,2026-07-07 00:20:47.779221,500,cashback
VCH00184,FLASH_SALE_872_184,percentage,0.0,10.0,0.0,2025-12-09 00:20:47.779221,2026-07-07 00:20:47.779221,100,flash_sale
VCH00185,LOYALTY_REWARD_909_185,fixed_amount,10000.0,0.0,100000.0,2025-12-09 00:20:47.779221,2026-07-07 00:20:47.779221,1000,loyalty_reward
VCH00186,CASHBACK_477_186,percentage,0.0,20.0,0.0,2025-12-09 00:20:47.779221,2026-07-07 00:20:47.779221,500,cashback
VCH00187,REFERRAL_REWARD_791_187,fixed_amount,10000.0,0.0,100000.0,2025-12-09 00:20:47.779221,2026-07-07 00:20:47.779221,100,referral_reward
VCH00188,NEW_USER_PROMO_763_188,fixed_amount,20000.0,0.0,100000.0,2025-12-09 00:20:47.779221,2026-07-07 00:20:47.779221,50,new_user_promo
VCH00189,REFERRAL_REWARD_219_189,fixed_amount,75000.0,0.0,100000.0,2025-12-09 00:20:47.779221,2026-07-07 00:20:47.779221,100,referral_reward
VCH00190,NEW_USER_PROMO_218_190,percentage,0.0,20.0,100000.0,2025-12-09 00:20:47.779221,2026-07-07 00:20:47.779221,50,new_user_promo
VCH00191,LOYALTY_REWARD_564_191,percentage,0.0,20.0,50000.0,2025-12-09 00:20:47.779221,2026-07-07 00:20:47.779221,500,loyalty_reward
VCH00192,LOYALTY_REWARD_770_192,fixed_amount,75000.0,0.0,50000.0,2025-12-09 00:20:47.779221,2026-07-07 00:20:47.779221,50,loyalty_reward
VCH00193,LOYALTY_REWARD_133_193,fixed_amount,50000.0,0.0,150000.0,2025-12-09 00:20:47.779221,2026-07-07 00:20:47.779221,500,loyalty_reward
VCH00194,FLASH_SALE_975_194,percentage,0.0,10.0,150000.0,2025-12-09 00:20:47.779221,2026-07-07 00:20:47.779221,500,flash_sale
VCH00195,REFERRAL_REWARD_760_195,percentage,0.0,25.0,100000.0,2025-12-09 00:20:47.779221,2026-07-07 00:20:47.779221,500,referral_reward
VCH00196,FLASH_SALE_225_196,percentage,0.0,10.0,100000.0,2025-12-09 00:20:47.779221,2026-07-07 00:20:47.779221,1000,flash_sale
VCH00197,REFERRAL_REWARD_121_197,percentage,0.0,25.0,50000.0,2025-12-09 00:20:47.779221,2026-07-07 00:20:47.779221,50,referral_reward
VCH00198,FREE_SHIPPING_170_198,fixed_amount,20000.0,0.0,50000.0,2025-12-09 00:20:47.779221,2026-07-07 00:20:47.779221,100,free_shipping
VCH00199,FREE_SHIPPING_907_199,percentage,0.0,10.0,100000.0,2025-12-09 00:20:47.779221,2026-07-07 00:20:47.779221,50,free_shipping
VCH00200,FREE_SHIPPING_917_200,fixed_amount,50000.0,0.0,50000.0,2025-12-09 00:20:47.779221,2026-07-07 00:20:47.779221,100,free_shipping
VCH00201,REFERRAL_REWARD_115_201,percentage,0.0,10.0,0.0,2025-12-09 00:20:47.779221,2026-07-07 00:20:47.779221,500,referral_reward
VCH00202,LOYALTY_REWARD_278_202,percentage,0.0,5.0,100000.0,2025-12-09 00:20:47.779221,2026-07-07 00:20:47.779221,500,loyalty_reward
VCH00203,FREE_SHIPPING_216_203,percentage,0.0,25.0,150000.0,2025-12-09 00:20:47.779221,2026-07-07 00:20:47.779221,50,free_shipping
VCH00204,FLASH_SALE_562_204,fixed_amount,10000.0,0.0,100000.0,2025-12-09 00:20:47.779221,2026-07-07 00:20:47.779221,100,flash_sale
VCH00205,REFERRAL_REWARD_758_205,percentage,0.0,20.0,100000.0,2025-12-09 00:20:47.779221,2026-07-07 00:20:47.779221,50,referral_reward
VCH00206,FLASH_SALE_802_206,percentage,0.0,20.0,150000.0,2025-12-09 00:20:47.779221,2026-07-07 00:20:47.779221,50,flash_sale
VCH00207,REFERRAL_REWARD_182_207,fixed_amount,10000.0,0.0,150000.0,2025-12-09 00:20:47.779221,2026-07-07 00:20:47.779221,500,referral_reward
VCH00208,NEW_USER_PROMO_739_208,percentage,0.0,15.0,50000.0,2025-12-09 00:20:47.779221,2026-07-07 00:20:47.779221,500,new_user_promo
VCH00209,LOYALTY_REWARD_617_209,fixed_amount,75000.0,0.0,100000.0,2025-12-09 00:20:47.779221,2026-07-07 00:20:47.779221,1000,loyalty_reward
VCH00210,REFERRAL_REWARD_838_210,percentage,0.0,25.0,0.0,2025-12-09 00:20:47.779221,2026-07-07 00:20:47.779221,100,referral_reward
VCH00211,FLASH_SALE_447_211,fixed_amount,75000.0,0.0,50000.0,2025-12-09 00:20:47.779221,2026-07-07 00:20:47.779221,1000,flash_sale
VCH00212,FLASH_SALE_537_212,fixed_amount,50000.0,0.0,0.0,2025-12-09 00:20:47.779221,2026-07-07 00:20:47.779221,500,flash_sale
VCH00213,CASHBACK_168_213,fixed_amount,75000.0,0.0,50000.0,2025-12-09 00:20:47.779221,2026-07-07 00:20:47.779221,50,cashback
VCH00214,NEW_USER_PROMO_862_214,percentage,0.0,5.0,150000.0,2025-12-09 00:20:47.779221,2026-07-07 00:20:47.779221,500,new_user_promo
VCH00215,LOYALTY_REWARD_675_215,percentage,0.0,25.0,0.0,2025-12-09 00:20:47.779221,2026-07-07 00:20:47.779221,500,loyalty_reward
VCH00216,FLASH_SALE_988_216,percentage,0.0,20.0,100000.0,2025-12-09 00:20:47.779221,2026-07-07 00:20:47.779221,50,flash_sale
VCH00217,LOYALTY_REWARD_206_217,fixed_amount,50000.0,0.0,100000.0,2025-12-09 00:20:47.779221,2026-07-07 00:20:47.779221,100,loyalty_reward
VCH00218,REFERRAL_REWARD_967_218,percentage,0.0,10.0,150000.0,2025-12-09 00:20:47.779221,2026-07-07 00:20:47.779221,50,referral_reward
VCH00219,LOYALTY_REWARD_880_219,fixed_amount,10000.0,0.0,100000.0,2025-12-09 00:20:47.779221,2026-07-07 00:20:47.779221,500,loyalty_reward
VCH00220,FLASH_SALE_773_220,percentage,0.0,25.0,0.0,2025-12-09 00:20:47.779221,2026-07-07 00:20:47.779221,500,flash_sale
VCH00221,FREE_SHIPPING_447_221,percentage,0.0,15.0,100000.0,2025-12-09 00:20:47.779221,2026-07-07 00:20:47.779221,500,free_shipping
VCH00222,FREE_SHIPPING_773_222,percentage,0.0,25.0,50000.0,2025-12-09 00:20:47.779221,2026-07-07 00:20:47.779221,1000,free_shipping
VCH00223,FREE_SHIPPING_864_223,percentage,0.0,5.0,0.0,2025-12-09 00:20:47.779221,2026-07-07 00:20:47.779221,100,free_shipping
VCH00224,FLASH_SALE_261_224,fixed_amount,50000.0,0.0,150000.0,2025-12-09 00:20:47.779221,2026-07-07 00:20:47.779221,500,flash_sale
VCH00225,REFERRAL_REWARD_153_225,fixed_amount,10000.0,0.0,100000.0,2025-12-09 00:20:47.779221,2026-07-07 00:20:47.779221,100,referral_reward
VCH00226,LOYALTY_REWARD_378_226,percentage,0.0,5.0,0.0,2025-12-09 00:20:47.779221,2026-07-07 00:20:47.779221,1000,loyalty_reward
VCH00227,FLASH_SALE_379_227,fixed_amount,75000.0,0.0,150000.0,2025-12-09 00:20:47.779221,2026-07-07 00:20:47.779221,100,flash_sale
VCH00228,CASHBACK_390_228,percentage,0.0,5.0,150000.0,2025-12-09 00:20:47.779221,2026-07-07 00:20:47.779221,1000,cashback
VCH00229,NEW_USER_PROMO_713_229,fixed_amount,75000.0,0.0,50000.0,2025-12-09 00:20:47.779221,2026-07-07 00:20:47.779221,50,new_user_promo
VCH00230,FREE_SHIPPING_885_230,percentage,0.0,10.0,100000.0,2025-12-09 00:20:47.779221,2026-07-07 00:20:47.779221,100,free_shipping
VCH00231,CASHBACK_107_231,fixed_amount,10000.0,0.0,100000.0,2025-12-09 00:20:47.779221,2026-07-07 00:20:47.779221,1000,cashback
VCH00232,FREE_SHIPPING_645_232,fixed_amount,75000.0,0.0,50000.0,2025-12-09 00:20:47.779221,2026-07-07 00:20:47.779221,100,free_shipping
VCH00233,NEW_USER_PROMO_546_233,fixed_amount,10000.0,0.0,150000.0,2025-12-09 00:20:47.779221,2026-07-07 00:20:47.779221,50,new_user_promo
VCH00234,NEW_USER_PROMO_687_234,fixed_amount,75000.0,0.0,100000.0,2025-12-09 00:20:47.779221,2026-07-07 00:20:47.779221,1000,new_user_promo
VCH00235,CASHBACK_121_235,fixed_amount,75000.0,0.0,0.0,2025-12-09 00:20:47.779221,2026-07-07 00:20:47.779221,500,cashback
VCH00236,LOYALTY_REWARD_190_236,percentage,0.0,15.0,150000.0,2025-12-09 00:20:47.779221,2026-07-07 00:20:47.779221,1000,loyalty_reward
VCH00237,FREE_SHIPPING_510_237,percentage,0.0,25.0,150000.0,2025-12-09 00:20:47.779221,2026-07-07 00:20:47.779221,50,free_shipping
VCH00238,CASHBACK_441_238,fixed_amount,20000.0,0.0,100000.0,2025-12-09 00:20:47.779221,2026-07-07 00:20:47.779221,100,cashback
VCH00239,LOYALTY_REWARD_622_239,percentage,0.0,25.0,0.0,2025-12-09 00:20:47.779221,2026-07-07 00:20:47.779221,100,loyalty_reward
VCH00240,CASHBACK_205_240,fixed_amount,20000.0,0.0,50000.0,2025-12-09 00:20:47.779221,2026-07-07 00:20:47.779221,100,cashback
VCH00241,FREE_SHIPPING_878_241,fixed_amount,20000.0,0.0,50000.0,2025-12-09 00:20:47.779221,2026-07-07 00:20:47.779221,50,free_shipping
VCH00242,REFERRAL_REWARD_872_242,percentage,0.0,20.0,150000.0,2025-12-09 00:20:47.779221,2026-07-07 00:20:47.779221,1000,referral_reward
VCH00243,REFERRAL_REWARD_550_243,fixed_amount,20000.0,0.0,100000.0,2025-12-09 00:20:47.779221,2026-07-07 00:20:47.779221,50,referral_reward
VCH00244,FLASH_SALE_705_244,fixed_amount,50000.0,0.0,100000.0,2025-12-09 00:20:47.779221,2026-07-07 00:20:47.779221,50,flash_sale
VCH00245,LOYALTY_REWARD_572_245,fixed_amount,50000.0,0.0,0.0,2025-12-09 00:20:47.779221,2026-07-07 00:20:47.779221,1000,loyalty_reward
VCH00246,NEW_USER_PROMO_178_246,percentage,0.0,15.0,100000.0,2025-12-09 00:20:47.779221,2026-07-07 00:20:47.779221,50,new_user_promo
VCH00247,FLASH_SALE_929_247,fixed_amount,75000.0,0.0,0.0,2025-12-09 00:20:47.779221,2026-07-07 00:20:47.779221,100,flash_sale
VCH00248,LOYALTY_REWARD_163_248,fixed_amount,20000.0,0.0,150000.0,2025-12-09 00:20:47.779221,2026-07-07 00:20:47.779221,1000,loyalty_reward
VCH00249,CASHBACK_761_249,percentage,0.0,25.0,0.0,2025-12-09 00:20:47.779221,2026-07-07 00:20:47.779221,100,cashback
VCH00250,FREE_SHIPPING_636_250,percentage,0.0,20.0,150000.0,2025-12-09 00:20:47.779221,2026-07-07 00:20:47.779221,100,free_shipping
VCH00251,CASHBACK_518_251,fixed_amount,75000.0,0.0,100000.0,2025-12-09 00:20:47.779221,2026-07-07 00:20:47.779221,500,cashback
VCH00252,REFERRAL_REWARD_437_252,percentage,0.0,5.0,100000.0,2025-12-09 00:20:47.779221,2026-07-07 00:20:47.779221,50,referral_reward
VCH00253,CASHBACK_441_253,fixed_amount,20000.0,0.0,100000.0,2025-12-09 00:20:47.779221,2026-07-07 00:20:47.779221,50,cashback
VCH00254,CASHBACK_232_254,percentage,0.0,20.0,100000.0,2025-12-09 00:20:47.779221,2026-07-07 00:20:47.779221,50,cashback
VCH00255,LOYALTY_REWARD_932_255,fixed_amount,50000.0,0.0,150000.0,2025-12-09 00:20:47.779221,2026-07-07 00:20:47.779221,100,loyalty_reward
VCH00256,REFERRAL_REWARD_470_256,percentage,0.0,25.0,150000.0,2025-12-09 00:20:47.779221,2026-07-07 00:20:47.779221,50,referral_reward
VCH00257,CASHBACK_449_257,fixed_amount,20000.0,0.0,50000.0,2025-12-09 00:20:47.779221,2026-07-07 00:20:47.779221,1000,cashback
VCH00258,FREE_SHIPPING_179_258,percentage,0.0,10.0,50000.0,2025-12-09 00:20:47.779221,2026-07-07 00:20:47.779221,500,free_shipping
VCH00259,LOYALTY_REWARD_997_259,percentage,0.0,15.0,0.0,2025-12-09 00:20:47.779221,2026-07-07 00:20:47.779221,100,loyalty_reward
VCH00260,FREE_SHIPPING_951_260,fixed_amount,20000.0,0.0,50000.0,2025-12-09 00:20:47.779221,2026-07-07 00:20:47.779221,100,free_shipping
VCH00261,NEW_USER_PROMO_792_261,fixed_amount,50000.0,0.0,150000.0,2025-12-09 00:20:47.779221,2026-07-07 00:20:47.779221,100,new_user_promo
VCH00262,LOYALTY_REWARD_339_262,fixed_amount,75000.0,0.0,100000.0,2025-12-09 00:20:47.779221,2026-07-07 00:20:47.779221,100,loyalty_reward
VCH00263,FLASH_SALE_794_263,fixed_amount,50000.0,0.0,50000.0,2025-12-09 00:20:47.779221,2026-07-07 00:20:47.779221,1000,flash_sale
VCH00264,CASHBACK_265_264,fixed_amount,75000.0,0.0,150000.0,2025-12-09 00:20:47.779221,2026-07-07 00:20:47.779221,100,cashback
VCH00265,CASHBACK_995_265,percentage,0.0,20.0,0.0,2025-12-09 00:20:47.779221,2026-07-07 00:20:47.779221,500,cashback
VCH00266,REFERRAL_REWARD_185_266,percentage,0.0,15.0,0.0,2025-12-09 00:20:47.779221,2026-07-07 00:20:47.779221,100,referral_reward
VCH00267,FLASH_SALE_193_267,fixed_amount,75000.0,0.0,50000.0,2025-12-09 00:20:47.779221,2026-07-07 00:20:47.779221,100,flash_sale
VCH00268,CASHBACK_154_268,fixed_amount,75000.0,0.0,0.0,2025-12-09 00:20:47.779221,2026-07-07 00:20:47.779221,1000,cashback
VCH00269,FREE_SHIPPING_483_269,fixed_amount,10000.0,0.0,150000.0,2025-12-09 00:20:47.779221,2026-07-07 00:20:47.779221,100,free_shipping
VCH00270,CASHBACK_910_270,percentage,0.0,15.0,0.0,2025-12-09 00:20:47.779221,2026-07-07 00:20:47.779221,100,cashback
VCH00271,NEW_USER_PROMO_812_271,percentage,0.0,20.0,100000.0,2025-12-09 00:20:47.779221,2026-07-07 00:20:47.779221,100,new_user_promo
VCH00272,FLASH_SALE_119_272,fixed_amount,10000.0,0.0,0.0,2025-12-09 00:20:47.779221,2026-07-07 00:20:47.779221,500,flash_sale
VCH00273,FREE_SHIPPING_894_273,percentage,0.0,5.0,150000.0,2025-12-09 00:20:47.779221,2026-07-07 00:20:47.779221,500,free_shipping
VCH00274,CASHBACK_344_274,percentage,0.0,5.0,0.0,2025-12-09 00:20:47.779221,2026-07-07 00:20:47.779221,1000,cashback
VCH00275,NEW_USER_PROMO_711_275,fixed_amount,75000.0,0.0,0.0,2025-12-09 00:20:47.779221,2026-07-07 00:20:47.779221,50,new_user_promo
VCH00276,REFERRAL_REWARD_539_276,percentage,0.0,15.0,50000.0,2025-12-09 00:20:47.779221,2026-07-07 00:20:47.779221,50,referral_reward
VCH00277,FREE_SHIPPING_780_277,fixed_amount,20000.0,0.0,150000.0,2025-12-09 00:20:47.779221,2026-07-07 00:20:47.779221,50,free_shipping
VCH00278,NEW_USER_PROMO_994_278,fixed_amount,75000.0,0.0,0.0,2025-12-09 00:20:47.779221,2026-07-07 00:20:47.779221,1000,new_user_promo
VCH00279,REFERRAL_REWARD_359_279,percentage,0.0,15.0,150000.0,2025-12-09 00:20:47.779221,2026-07-07 00:20:47.779221,50,referral_reward
VCH00280,NEW_USER_PROMO_850_280,fixed_amount,20000.0,0.0,100000.0,2025-12-09 00:20:47.779221,2026-07-07 00:20:47.779221,50,new_user_promo
VCH00281,FREE_SHIPPING_659_281,fixed_amount,50000.0,0.0,0.0,2025-12-09 00:20:47.779221,2026-07-07 00:20:47.779221,500,free_shipping
VCH00282,REFERRAL_REWARD_746_282,percentage,0.0,20.0,150000.0,2025-12-09 00:20:47.779221,2026-07-07 00:20:47.779221,100,referral_reward
VCH00283,NEW_USER_PROMO_400_283,percentage,0.0,5.0,150000.0,2025-12-09 00:20:47.779221,2026-07-07 00:20:47.779221,100,new_user_promo
VCH00284,FREE_SHIPPING_417_284,percentage,0.0,15.0,0.0,2025-12-09 00:20:47.779221,2026-07-07 00:20:47.779221,1000,free_shipping
VCH00285,CASHBACK_392_285,fixed_amount,20000.0,0.0,0.0,2025-12-09 00:20:47.779221,2026-07-07 00:20:47.779221,500,cashback
VCH00286,REFERRAL_REWARD_227_286,percentage,0.0,15.0,100000.0,2025-12-09 00:20:47.779221,2026-07-07 00:20:47.779221,500,referral_reward
VCH00287,FLASH_SALE_447_287,fixed_amount,75000.0,0.0,150000.0,2025-12-09 00:20:47.779221,2026-07-07 00:20:47.779221,100,flash_sale
VCH00288,REFERRAL_REWARD_916_288,fixed_amount,50000.0,0.0,150000.0,2025-12-09 00:20:47.779221,2026-07-07 00:20:47.779221,500,referral_reward
VCH00289,REFERRAL_REWARD_540_289,percentage,0.0,5.0,150000.0,2025-12-09 00:20:47.779221,2026-07-07 00:20:47.779221,100,referral_reward
VCH00290,CASHBACK_435_290,fixed_amount,10000.0,0.0,0.0,2025-12-09 00:20:47.779221,2026-07-07 00:20:47.779221,500,cashback
VCH00291,FLASH_SALE_806_291,fixed_amount,20000.0,0.0,150000.0,2025-12-09 00:20:47.779221,2026-07-07 00:20:47.779221,1000,flash_sale
VCH00292,FLASH_SALE_729_292,fixed_amount,50000.0,0.0,0.0,2025-12-09 00:20:47.779221,2026-07-07 00:20:47.779221,1000,flash_sale
VCH00293,REFERRAL_REWARD_787_293,fixed_amount,10000.0,0.0,0.0,2025-12-09 00:20:47.779221,2026-07-07 00:20:47.779221,1000,referral_reward
VCH00294,LOYALTY_REWARD_246_294,fixed_amount,10000.0,0.0,50000.0,2025-12-09 00:20:47.779221,2026-07-07 00:20:47.779221,1000,loyalty_reward
VCH00295,FREE_SHIPPING_897_295,percentage,0.0,10.0,0.0,2025-12-09 00:20:47.779221,2026-07-07 00:20:47.779221,500,free_shipping
VCH00296,FLASH_SALE_795_296,fixed_amount,20000.0,0.0,0.0,2025-12-09 00:20:47.779221,2026-07-07 00:20:47.779221,1000,flash_sale
VCH00297,CASHBACK_687_297,fixed_amount,10000.0,0.0,150000.0,2025-12-09 00:20:47.779221,2026-07-07 00:20:47.779221,100,cashback
VCH00298,FLASH_SALE_355_298,fixed_amount,50000.0,0.0,100000.0,2025-12-09 00:20:47.779221,2026-07-07 00:20:47.779221,50,flash_sale
VCH00299,REFERRAL_REWARD_630_299,percentage,0.0,20.0,50000.0,2025-12-09 00:20:47.779221,2026-07-07 00:20:47.779221,1000,referral_reward
VCH00300,CASHBACK_319_300,percentage,0.0,20.0,100000.0,2025-12-09 00:20:47.779221,2026-07-07 00:20:47.779221,500,cashback
VCH00301,FREE_SHIPPING_973_301,fixed_amount,20000.0,0.0,0.0,2025-12-09 00:20:47.779221,2026-07-07 00:20:47.779221,50,free_shipping
VCH00302,FREE_SHIPPING_929_302,fixed_amount,10000.0,0.0,150000.0,2025-12-09 00:20:47.779221,2026-07-07 00:20:47.779221,500,free_shipping
VCH00303,REFERRAL_REWARD_407_303,fixed_amount,50000.0,0.0,0.0,2025-12-09 00:20:47.779221,2026-07-07 00:20:47.779221,100,referral_reward
VCH00304,CASHBACK_305_304,percentage,0.0,5.0,50000.0,2025-12-09 00:20:47.779221,2026-07-07 00:20:47.779221,100,cashback
VCH00305,FLASH_SALE_667_305,percentage,0.0,15.0,0.0,2025-12-09 00:20:47.779221,2026-07-07 00:20:47.779221,500,flash_sale
VCH00306,LOYALTY_REWARD_167_306,fixed_amount,10000.0,0.0,50000.0,2025-12-09 00:20:47.779221,2026-07-07 00:20:47.779221,500,loyalty_reward
VCH00307,REFERRAL_REWARD_887_307,fixed_amount,75000.0,0.0,150000.0,2025-12-09 00:20:47.779221,2026-07-07 00:20:47.779221,1000,referral_reward
VCH00308,FREE_SHIPPING_560_308,percentage,0.0,5.0,100000.0,2025-12-09 00:20:47.779221,2026-07-07 00:20:47.779221,1000,free_shipping
VCH00309,FREE_SHIPPING_543_309,fixed_amount,20000.0,0.0,50000.0,2025-12-09 00:20:47.779221,2026-07-07 00:20:47.779221,50,free_shipping
VCH00310,LOYALTY_REWARD_268_310,percentage,0.0,15.0,50000.0,2025-12-09 00:20:47.779221,2026-07-07 00:20:47.779221,100,loyalty_reward
VCH00311,REFERRAL_REWARD_631_311,fixed_amount,50000.0,0.0,50000.0,2025-12-09 00:20:47.779221,2026-07-07 00:20:47.779221,500,referral_reward
VCH00312,CASHBACK_381_312,percentage,0.0,25.0,50000.0,2025-12-09 00:20:47.779221,2026-07-07 00:20:47.779221,100,cashback
VCH00313,LOYALTY_REWARD_706_313,fixed_amount,20000.0,0.0,0.0,2025-12-09 00:20:47.779221,2026-07-07 00:20:47.779221,100,loyalty_reward
VCH00314,REFERRAL_REWARD_142_314,percentage,0.0,25.0,100000.0,2025-12-09 00:20:47.779221,2026-07-07 00:20:47.779221,50,referral_reward
VCH00315,NEW_USER_PROMO_885_315,percentage,0.0,10.0,100000.0,2025-12-09 00:20:47.779221,2026-07-07 00:20:47.779221,1000,new_user_promo
VCH00316,FLASH_SALE_594_316,percentage,0.0,15.0,100000.0,2025-12-09 00:20:47.779221,2026-07-07 00:20:47.779221,100,flash_sale
VCH00317,CASHBACK_805_317,fixed_amount,10000.0,0.0,150000.0,2025-12-09 00:20:47.779221,2026-07-07 00:20:47.779221,50,cashback
VCH00318,FLASH_SALE_575_318,percentage,0.0,20.0,150000.0,2025-12-09 00:20:47.779221,2026-07-07 00:20:47.779221,100,flash_sale
VCH00319,LOYALTY_REWARD_982_319,fixed_amount,50000.0,0.0,50000.0,2025-12-09 00:20:47.779221,2026-07-07 00:20:47.779221,500,loyalty_reward
VCH00320,FLASH_SALE_627_320,fixed_amount,50000.0,0.0,50000.0,2025-12-09 00:20:47.779221,2026-07-07 00:20:47.779221,50,flash_sale
VCH00321,FREE_SHIPPING_373_321,fixed_amount,10000.0,0.0,150000.0,2025-12-09 00:20:47.779221,2026-07-07 00:20:47.779221,1000,free_shipping
VCH00322,FREE_SHIPPING_397_322,percentage,0.0,5.0,0.0,2025-12-09 00:20:47.779221,2026-07-07 00:20:47.779221,1000,free_shipping
VCH00323,FREE_SHIPPING_691_323,fixed_amount,50000.0,0.0,50000.0,2025-12-09 00:20:47.779221,2026-07-07 00:20:47.779221,500,free_shipping
VCH00324,FREE_SHIPPING_578_324,percentage,0.0,25.0,150000.0,2025-12-09 00:20:47.779221,2026-07-07 00:20:47.779221,1000,free_shipping
VCH00325,FLASH_SALE_502_325,fixed_amount,10000.0,0.0,0.0,2025-12-09 00:20:47.779221,2026-07-07 00:20:47.779221,1000,flash_sale
VCH00326,FREE_SHIPPING_151_326,percentage,0.0,5.0,100000.0,2025-12-09 00:20:47.779221,2026-07-07 00:20:47.779221,500,free_shipping
VCH00327,LOYALTY_REWARD_649_327,fixed_amount,50000.0,0.0,150000.0,2025-12-09 00:20:47.779221,2026-07-07 00:20:47.779221,50,loyalty_reward
VCH00328,FLASH_SALE_844_328,percentage,0.0,15.0,50000.0,2025-12-09 00:20:47.779221,2026-07-07 00:20:47.779221,500,flash_sale
VCH00329,CASHBACK_152_329,fixed_amount,75000.0,0.0,0.0,2025-12-09 00:20:47.779221,2026-07-07 00:20:47.779221,100,cashback
VCH00330,LOYALTY_REWARD_495_330,fixed_amount,10000.0,0.0,100000.0,2025-12-09 00:20:47.779221,2026-07-07 00:20:47.779221,1000,loyalty_reward
VCH00331,LOYALTY_REWARD_199_331,fixed_amount,20000.0,0.0,0.0,2025-12-09 00:20:47.779221,2026-07-07 00:20:47.779221,1000,loyalty_reward
VCH00332,CASHBACK_303_332,fixed_amount,20000.0,0.0,100000.0,2025-12-09 00:20:47.779221,2026-07-07 00:20:47.779221,1000,cashback
VCH00333,NEW_USER_PROMO_830_333,percentage,0.0,10.0,0.0,2025-12-09 00:20:47.779221,2026-07-07 00:20:47.779221,500,new_user_promo
VCH00334,LOYALTY_REWARD_720_334,fixed_amount,20000.0,0.0,150000.0,2025-12-09 00:20:47.779221,2026-07-07 00:20:47.779221,100,loyalty_reward
VCH00335,LOYALTY_REWARD_502_335,fixed_amount,20000.0,0.0,100000.0,2025-12-09 00:20:47.779221,2026-07-07 00:20:47.779221,500,loyalty_reward
VCH00336,LOYALTY_REWARD_586_336,fixed_amount,50000.0,0.0,150000.0,2025-12-09 00:20:47.779221,2026-07-07 00:20:47.779221,50,loyalty_reward
VCH00337,CASHBACK_697_337,fixed_amount,75000.0,0.0,0.0,2025-12-09 00:20:47.779221,2026-07-07 00:20:47.779221,500,cashback
VCH00338,LOYALTY_REWARD_771_338,percentage,0.0,15.0,150000.0,2025-12-09 00:20:47.779221,2026-07-07 00:20:47.779221,100,loyalty_reward
VCH00339,LOYALTY_REWARD_636_339,percentage,0.0,10.0,150000.0,2025-12-09 00:20:47.779221,2026-07-07 00:20:47.779221,1000,loyalty_reward
VCH00340,REFERRAL_REWARD_686_340,percentage,0.0,5.0,50000.0,2025-12-09 00:20:47.779221,2026-07-07 00:20:47.779221,50,referral_reward
VCH00341,NEW_USER_PROMO_528_341,percentage,0.0,15.0,150000.0,2025-12-09 00:20:47.779221,2026-07-07 00:20:47.779221,100,new_user_promo
VCH00342,REFERRAL_REWARD_613_342,fixed_amount,75000.0,0.0,50000.0,2025-12-09 00:20:47.779221,2026-07-07 00:20:47.779221,1000,referral_reward
VCH00343,REFERRAL_REWARD_312_343,percentage,0.0,25.0,50000.0,2025-12-09 00:20:47.779221,2026-07-07 00:20:47.779221,500,referral_reward
VCH00344,LOYALTY_REWARD_277_344,fixed_amount,50000.0,0.0,150000.0,2025-12-09 00:20:47.779221,2026-07-07 00:20:47.779221,1000,loyalty_reward
VCH00345,LOYALTY_REWARD_724_345,fixed_amount,50000.0,0.0,100000.0,2025-12-09 00:20:47.779221,2026-07-07 00:20:47.779221,1000,loyalty_reward
VCH00346,FREE_SHIPPING_405_346,percentage,0.0,25.0,100000.0,2025-12-09 00:20:47.779221,2026-07-07 00:20:47.779221,100,free_shipping
VCH00347,CASHBACK_424_347,fixed_amount,75000.0,0.0,50000.0,2025-12-09 00:20:47.779221,2026-07-07 00:20:47.779221,1000,cashback
VCH00348,LOYALTY_REWARD_224_348,fixed_amount,50000.0,0.0,100000.0,2025-12-09 00:20:47.779221,2026-07-07 00:20:47.779221,1000,loyalty_reward
VCH00349,CASHBACK_143_349,fixed_amount,50000.0,0.0,50000.0,2025-12-09 00:20:47.779221,2026-07-07 00:20:47.779221,500,cashback
VCH00350,CASHBACK_865_350,percentage,0.0,15.0,150000.0,2025-12-09 00:20:47.779221,2026-07-07 00:20:47.779221,1000,cashback
VCH00351,FREE_SHIPPING_812_351,percentage,0.0,25.0,100000.0,2025-12-09 00:20:47.779221,2026-07-07 00:20:47.779221,500,free_shipping
VCH00352,NEW_USER_PROMO_151_352,percentage,0.0,10.0,50000.0,2025-12-09 00:20:47.779221,2026-07-07 00:20:47.779221,100,new_user_promo
VCH00353,NEW_USER_PROMO_438_353,percentage,0.0,20.0,0.0,2025-12-09 00:20:47.779221,2026-07-07 00:20:47.779221,1000,new_user_promo
VCH00354,REFERRAL_REWARD_663_354,percentage,0.0,5.0,50000.0,2025-12-09 00:20:47.779221,2026-07-07 00:20:47.779221,100,referral_reward
VCH00355,REFERRAL_REWARD_766_355,fixed_amount,75000.0,0.0,150000.0,2025-12-09 00:20:47.779221,2026-07-07 00:20:47.779221,100,referral_reward
VCH00356,CASHBACK_887_356,fixed_amount,10000.0,0.0,100000.0,2025-12-09 00:20:47.779221,2026-07-07 00:20:47.779221,50,cashback
VCH00357,LOYALTY_REWARD_527_357,percentage,0.0,10.0,0.0,2025-12-09 00:20:47.779221,2026-07-07 00:20:47.779221,100,loyalty_reward
VCH00358,FLASH_SALE_866_358,percentage,0.0,10.0,150000.0,2025-12-09 00:20:47.779221,2026-07-07 00:20:47.779221,500,flash_sale
VCH00359,NEW_USER_PROMO_717_359,percentage,0.0,25.0,100000.0,2025-12-09 00:20:47.779221,2026-07-07 00:20:47.779221,50,new_user_promo
VCH00360,CASHBACK_237_360,fixed_amount,75000.0,0.0,150000.0,2025-12-09 00:20:47.779221,2026-07-07 00:20:47.779221,1000,cashback
VCH00361,FREE_SHIPPING_266_361,fixed_amount,50000.0,0.0,0.0,2025-12-09 00:20:47.779221,2026-07-07 00:20:47.779221,1000,free_shipping
VCH00362,REFERRAL_REWARD_854_362,fixed_amount,10000.0,0.0,50000.0,2025-12-09 00:20:47.779221,2026-07-07 00:20:47.779221,500,referral_reward
VCH00363,LOYALTY_REWARD_725_363,fixed_amount,20000.0,0.0,50000.0,2025-12-09 00:20:47.779221,2026-07-07 00:20:47.779221,1000,loyalty_reward
VCH00364,LOYALTY_REWARD_510_364,fixed_amount,10000.0,0.0,100000.0,2025-12-09 00:20:47.779221,2026-07-07 00:20:47.779221,50,loyalty_reward
VCH00365,FREE_SHIPPING_354_365,percentage,0.0,15.0,150000.0,2025-12-09 00:20:47.779221,2026-07-07 00:20:47.779221,50,free_shipping
VCH00366,FLASH_SALE_871_366,fixed_amount,75000.0,0.0,50000.0,2025-12-09 00:20:47.779221,2026-07-07 00:20:47.779221,500,flash_sale
VCH00367,CASHBACK_769_367,fixed_amount,50000.0,0.0,0.0,2025-12-09 00:20:47.779221,2026-07-07 00:20:47.779221,500,cashback
VCH00368,NEW_USER_PROMO_414_368,percentage,0.0,20.0,0.0,2025-12-09 00:20:47.779221,2026-07-07 00:20:47.779221,100,new_user_promo
VCH00369,REFERRAL_REWARD_754_369,fixed_amount,10000.0,0.0,100000.0,2025-12-09 00:20:47.779221,2026-07-07 00:20:47.779221,500,referral_reward
VCH00370,LOYALTY_REWARD_236_370,fixed_amount,20000.0,0.0,50000.0,2025-12-09 00:20:47.779221,2026-07-07 00:20:47.779221,1000,loyalty_reward
VCH00371,FLASH_SALE_818_371,percentage,0.0,20.0,100000.0,2025-12-09 00:20:47.779221,2026-07-07 00:20:47.779221,1000,flash_sale
VCH00372,FREE_SHIPPING_557_372,percentage,0.0,25.0,0.0,2025-12-09 00:20:47.779221,2026-07-07 00:20:47.779221,500,free_shipping
VCH00373,LOYALTY_REWARD_948_373,percentage,0.0,5.0,0.0,2025-12-09 00:20:47.779221,2026-07-07 00:20:47.779221,100,loyalty_reward
VCH00374,FREE_SHIPPING_552_374,percentage,0.0,25.0,100000.0,2025-12-09 00:20:47.779221,2026-07-07 00:20:47.779221,50,free_shipping
VCH00375,REFERRAL_REWARD_622_375,percentage,0.0,5.0,150000.0,2025-12-09 00:20:47.779221,2026-07-07 00:20:47.779221,1000,referral_reward
VCH00376,FLASH_SALE_525_376,percentage,0.0,25.0,50000.0,2025-12-09 00:20:47.779221,2026-07-07 00:20:47.779221,1000,flash_sale
VCH00377,LOYALTY_REWARD_840_377,percentage,0.0,15.0,150000.0,2025-12-09 00:20:47.779221,2026-07-07 00:20:47.779221,50,loyalty_reward
VCH00378,CASHBACK_692_378,fixed_amount,20000.0,0.0,0.0,2025-12-09 00:20:47.779221,2026-07-07 00:20:47.779221,50,cashback
VCH00379,FLASH_SALE_654_379,percentage,0.0,5.0,100000.0,2025-12-09 00:20:47.779221,2026-07-07 00:20:47.779221,50,flash_sale
VCH00380,FLASH_SALE_518_380,percentage,0.0,15.0,0.0,2025-12-09 00:20:47.779221,2026-07-07 00:20:47.779221,100,flash_sale
VCH00381,REFERRAL_REWARD_491_381,percentage,0.0,15.0,150000.0,2025-12-09 00:20:47.779221,2026-07-07 00:20:47.779221,1000,referral_reward
VCH00382,FLASH_SALE_769_382,fixed_amount,20000.0,0.0,0.0,2025-12-09 00:20:47.779221,2026-07-07 00:20:47.779221,500,flash_sale
VCH00383,FREE_SHIPPING_230_383,percentage,0.0,25.0,150000.0,2025-12-09 00:20:47.779221,2026-07-07 00:20:47.779221,100,free_shipping
VCH00384,NEW_USER_PROMO_789_384,percentage,0.0,20.0,100000.0,2025-12-09 00:20:47.779221,2026-07-07 00:20:47.779221,1000,new_user_promo
VCH00385,FREE_SHIPPING_454_385,fixed_amount,75000.0,0.0,50000.0,2025-12-09 00:20:47.779221,2026-07-07 00:20:47.779221,100,free_shipping
VCH00386,FREE_SHIPPING_928_386,fixed_amount,10000.0,0.0,0.0,2025-12-09 00:20:47.779221,2026-07-07 00:20:47.779221,1000,free_shipping
VCH00387,FREE_SHIPPING_203_387,percentage,0.0,5.0,50000.0,2025-12-09 00:20:47.779221,2026-07-07 00:20:47.779221,50,free_shipping
VCH00388,LOYALTY_REWARD_858_388,fixed_amount,20000.0,0.0,0.0,2025-12-09 00:20:47.779221,2026-07-07 00:20:47.779221,50,loyalty_reward
VCH00389,FLASH_SALE_872_389,fixed_amount,20000.0,0.0,50000.0,2025-12-09 00:20:47.779221,2026-07-07 00:20:47.779221,50,flash_sale
VCH00390,LOYALTY_REWARD_935_390,percentage,0.0,10.0,100000.0,2025-12-09 00:20:47.779221,2026-07-07 00:20:47.779221,500,loyalty_reward
VCH00391,FREE_SHIPPING_776_391,fixed_amount,20000.0,0.0,100000.0,2025-12-09 00:20:47.779221,2026-07-07 00:20:47.779221,100,free_shipping
VCH00392,CASHBACK_670_392,fixed_amount,10000.0,0.0,100000.0,2025-12-09 00:20:47.779221,2026-07-07 00:20:47.779221,100,cashback
VCH00393,LOYALTY_REWARD_452_393,fixed_amount,10000.0,0.0,150000.0,2025-12-09 00:20:47.779221,2026-07-07 00:20:47.779221,1000,loyalty_reward
VCH00394,REFERRAL_REWARD_252_394,fixed_amount,75000.0,0.0,150000.0,2025-12-09 00:20:47.779221,2026-07-07 00:20:47.779221,500,referral_reward
VCH00395,FREE_SHIPPING_969_395,fixed_amount,20000.0,0.0,150000.0,2025-12-09 00:20:47.779221,2026-07-07 00:20:47.779221,100,free_shipping
VCH00396,REFERRAL_REWARD_159_396,fixed_amount,75000.0,0.0,50000.0,2025-12-09 00:20:47.779221,2026-07-07 00:20:47.779221,1000,referral_reward
VCH00397,LOYALTY_REWARD_348_397,fixed_amount,75000.0,0.0,50000.0,2025-12-09 00:20:47.779221,2026-07-07 00:20:47.779221,500,loyalty_reward
VCH00398,CASHBACK_967_398,percentage,0.0,20.0,0.0,2025-12-09 00:20:47.779221,2026-07-07 00:20:47.779221,500,cashback
VCH00399,LOYALTY_REWARD_374_399,percentage,0.0,5.0,50000.0,2025-12-09 00:20:47.779221,2026-07-07 00:20:47.779221,1000,loyalty_reward
VCH00400,NEW_USER_PROMO_841_400,percentage,0.0,25.0,50000.0,2025-12-09 00:20:47.779221,2026-07-07 00:20:47.779221,100,new_user_promo
VCH00401,FREE_SHIPPING_115_401,fixed_amount,50000.0,0.0,100000.0,2025-12-09 00:20:47.779221,2026-07-07 00:20:47.779221,100,free_shipping
VCH00402,REFERRAL_REWARD_348_402,percentage,0.0,20.0,0.0,2025-12-09 00:20:47.779221,2026-07-07 00:20:47.779221,100,referral_reward
VCH00403,FREE_SHIPPING_489_403,fixed_amount,50000.0,0.0,100000.0,2025-12-09 00:20:47.779221,2026-07-07 00:20:47.779221,1000,free_shipping
VCH00404,CASHBACK_625_404,fixed_amount,50000.0,0.0,100000.0,2025-12-09 00:20:47.779221,2026-07-07 00:20:47.779221,1000,cashback
VCH00405,NEW_USER_PROMO_308_405,fixed_amount,50000.0,0.0,150000.0,2025-12-09 00:20:47.779221,2026-07-07 00:20:47.779221,500,new_user_promo
VCH00406,FLASH_SALE_859_406,fixed_amount,20000.0,0.0,0.0,2025-12-09 00:20:47.779221,2026-07-07 00:20:47.779221,100,flash_sale
VCH00407,CASHBACK_256_407,percentage,0.0,15.0,150000.0,2025-12-09 00:20:47.779221,2026-07-07 00:20:47.779221,100,cashback
VCH00408,FREE_SHIPPING_611_408,fixed_amount,20000.0,0.0,150000.0,2025-12-09 00:20:47.779221,2026-07-07 00:20:47.779221,500,free_shipping
VCH00409,FLASH_SALE_272_409,fixed_amount,75000.0,0.0,150000.0,2025-12-09 00:20:47.779221,2026-07-07 00:20:47.779221,500,flash_sale
VCH00410,FREE_SHIPPING_655_410,percentage,0.0,10.0,150000.0,2025-12-09 00:20:47.779221,2026-07-07 00:20:47.779221,50,free_shipping
VCH00411,NEW_USER_PROMO_522_411,percentage,0.0,5.0,0.0,2025-12-09 00:20:47.779221,2026-07-07 00:20:47.779221,100,new_user_promo
VCH00412,NEW_USER_PROMO_323_412,percentage,0.0,5.0,50000.0,2025-12-09 00:20:47.779221,2026-07-07 00:20:47.779221,1000,new_user_promo
VCH00413,NEW_USER_PROMO_116_413,fixed_amount,75000.0,0.0,150000.0,2025-12-09 00:20:47.779221,2026-07-07 00:20:47.779221,50,new_user_promo
VCH00414,NEW_USER_PROMO_648_414,fixed_amount,50000.0,0.0,0.0,2025-12-09 00:20:47.779221,2026-07-07 00:20:47.779221,500,new_user_promo
VCH00415,LOYALTY_REWARD_209_415,percentage,0.0,10.0,150000.0,2025-12-09 00:20:47.779221,2026-07-07 00:20:47.779221,50,loyalty_reward
VCH00416,FREE_SHIPPING_639_416,percentage,0.0,25.0,50000.0,2025-12-09 00:20:47.779221,2026-07-07 00:20:47.779221,500,free_shipping
VCH00417,CASHBACK_482_417,fixed_amount,10000.0,0.0,150000.0,2025-12-09 00:20:47.779221,2026-07-07 00:20:47.779221,1000,cashback
VCH00418,LOYALTY_REWARD_407_418,fixed_amount,20000.0,0.0,50000.0,2025-12-09 00:20:47.779221,2026-07-07 00:20:47.779221,50,loyalty_reward
VCH00419,NEW_USER_PROMO_486_419,percentage,0.0,20.0,150000.0,2025-12-09 00:20:47.779221,2026-07-07 00:20:47.779221,1000,new_user_promo
VCH00420,REFERRAL_REWARD_184_420,percentage,0.0,10.0,0.0,2025-12-09 00:20:47.779221,2026-07-07 00:20:47.779221,1000,referral_reward
VCH00421,REFERRAL_REWARD_640_421,fixed_amount,10000.0,0.0,100000.0,2025-12-09 00:20:47.779221,2026-07-07 00:20:47.779221,50,referral_reward
VCH00422,FREE_SHIPPING_147_422,percentage,0.0,15.0,150000.0,2025-12-09 00:20:47.779221,2026-07-07 00:20:47.779221,50,free_shipping
VCH00423,LOYALTY_REWARD_970_423,fixed_amount,20000.0,0.0,0.0,2025-12-09 00:20:47.779221,2026-07-07 00:20:47.779221,500,loyalty_reward
VCH00424,FREE_SHIPPING_178_424,percentage,0.0,20.0,50000.0,2025-12-09 00:20:47.779221,2026-07-07 00:20:47.779221,500,free_shipping
VCH00425,LOYALTY_REWARD_954_425,percentage,0.0,25.0,50000.0,2025-12-09 00:20:47.779221,2026-07-07 00:20:47.779221,1000,loyalty_reward
VCH00426,FLASH_SALE_612_426,fixed_amount,10000.0,0.0,50000.0,2025-12-09 00:20:47.779221,2026-07-07 00:20:47.779221,500,flash_sale
VCH00427,NEW_USER_PROMO_958_427,percentage,0.0,10.0,150000.0,2025-12-09 00:20:47.779221,2026-07-07 00:20:47.779221,50,new_user_promo
VCH00428,LOYALTY_REWARD_130_428,fixed_amount,50000.0,0.0,150000.0,2025-12-09 00:20:47.779221,2026-07-07 00:20:47.779221,500,loyalty_reward
VCH00429,FLASH_SALE_666_429,fixed_amount,50000.0,0.0,50000.0,2025-12-09 00:20:47.779221,2026-07-07 00:20:47.779221,1000,flash_sale
VCH00430,FREE_SHIPPING_890_430,fixed_amount,10000.0,0.0,150000.0,2025-12-09 00:20:47.779221,2026-07-07 00:20:47.779221,500,free_shipping
VCH00431,REFERRAL_REWARD_374_431,percentage,0.0,5.0,0.0,2025-12-09 00:20:47.779221,2026-07-07 00:20:47.779221,100,referral_reward
VCH00432,REFERRAL_REWARD_424_432,fixed_amount,75000.0,0.0,50000.0,2025-12-09 00:20:47.779221,2026-07-07 00:20:47.779221,500,referral_reward
VCH00433,NEW_USER_PROMO_555_433,percentage,0.0,15.0,0.0,2025-12-09 00:20:47.779221,2026-07-07 00:20:47.779221,500,new_user_promo
VCH00434,NEW_USER_PROMO_291_434,fixed_amount,10000.0,0.0,50000.0,2025-12-09 00:20:47.779221,2026-07-07 00:20:47.779221,1000,new_user_promo
VCH00435,LOYALTY_REWARD_126_435,fixed_amount,10000.0,0.0,150000.0,2025-12-09 00:20:47.779221,2026-07-07 00:20:47.779221,50,loyalty_reward
VCH00436,LOYALTY_REWARD_984_436,fixed_amount,50000.0,0.0,0.0,2025-12-09 00:20:47.779221,2026-07-07 00:20:47.779221,1000,loyalty_reward
VCH00437,CASHBACK_897_437,percentage,0.0,20.0,150000.0,2025-12-09 00:20:47.779221,2026-07-07 00:20:47.779221,50,cashback
VCH00438,LOYALTY_REWARD_273_438,percentage,0.0,20.0,50000.0,2025-12-09 00:20:47.779221,2026-07-07 00:20:47.779221,100,loyalty_reward
VCH00439,CASHBACK_249_439,fixed_amount,75000.0,0.0,100000.0,2025-12-09 00:20:47.779221,2026-07-07 00:20:47.779221,50,cashback
VCH00440,FLASH_SALE_406_440,percentage,0.0,20.0,100000.0,2025-12-09 00:20:47.779221,2026-07-07 00:20:47.779221,1000,flash_sale
VCH00441,CASHBACK_838_441,percentage,0.0,10.0,100000.0,2025-12-09 00:20:47.779221,2026-07-07 00:20:47.779221,1000,cashback
VCH00442,FLASH_SALE_411_442,percentage,0.0,10.0,0.0,2025-12-09 00:20:47.779221,2026-07-07 00:20:47.779221,50,flash_sale
VCH00443,CASHBACK_550_443,fixed_amount,50000.0,0.0,150000.0,2025-12-09 00:20:47.779221,2026-07-07 00:20:47.779221,500,cashback
VCH00444,REFERRAL_REWARD_428_444,fixed_amount,50000.0,0.0,50000.0,2025-12-09 00:20:47.779221,2026-07-07 00:20:47.779221,100,referral_reward
VCH00445,CASHBACK_426_445,fixed_amount,75000.0,0.0,50000.0,2025-12-09 00:20:47.779221,2026-07-07 00:20:47.779221,500,cashback
VCH00446,LOYALTY_REWARD_485_446,fixed_amount,50000.0,0.0,50000.0,2025-12-09 00:20:47.779221,2026-07-07 00:20:47.779221,500,loyalty_reward
VCH00447,CASHBACK_706_447,fixed_amount,20000.0,0.0,0.0,2025-12-09 00:20:47.779221,2026-07-07 00:20:47.779221,100,cashback
VCH00448,REFERRAL_REWARD_548_448,percentage,0.0,10.0,150000.0,2025-12-09 00:20:47.779221,2026-07-07 00:20:47.779221,500,referral_reward
VCH00449,FLASH_SALE_748_449,percentage,0.0,10.0,150000.0,2025-12-09 00:20:47.779221,2026-07-07 00:20:47.779221,500,flash_sale
VCH00450,CASHBACK_908_450,percentage,0.0,20.0,50000.0,2025-12-09 00:20:47.779221,2026-07-07 00:20:47.779221,1000,cashback
VCH00451,FLASH_SALE_510_451,percentage,0.0,25.0,150000.0,2025-12-09 00:20:47.779221,2026-07-07 00:20:47.779221,1000,flash_sale
VCH00452,CASHBACK_887_452,percentage,0.0,5.0,0.0,2025-12-09 00:20:47.779221,2026-07-07 00:20:47.779221,100,cashback
VCH00453,FREE_SHIPPING_870_453,fixed_amount,75000.0,0.0,0.0,2025-12-09 00:20:47.779221,2026-07-07 00:20:47.779221,500,free_shipping
VCH00454,NEW_USER_PROMO_364_454,fixed_amount,10000.0,0.0,0.0,2025-12-09 00:20:47.779221,2026-07-07 00:20:47.779221,100,new_user_promo
VCH00455,FLASH_SALE_574_455,percentage,0.0,20.0,100000.0,2025-12-09 00:20:47.779221,2026-07-07 00:20:47.779221,100,flash_sale
VCH00456,NEW_USER_PROMO_402_456,fixed_amount,10000.0,0.0,150000.0,2025-12-09 00:20:47.779221,2026-07-07 00:20:47.779221,1000,new_user_promo
VCH00457,NEW_USER_PROMO_419_457,percentage,0.0,15.0,50000.0,2025-12-09 00:20:47.779221,2026-07-07 00:20:47.779221,500,new_user_promo
VCH00458,FREE_SHIPPING_587_458,fixed_amount,50000.0,0.0,150000.0,2025-12-09 00:20:47.779221,2026-07-07 00:20:47.779221,50,free_shipping
VCH00459,REFERRAL_REWARD_168_459,fixed_amount,50000.0,0.0,150000.0,2025-12-09 00:20:47.779221,2026-07-07 00:20:47.779221,500,referral_reward
VCH00460,REFERRAL_REWARD_969_460,percentage,0.0,5.0,0.0,2025-12-09 00:20:47.779221,2026-07-07 00:20:47.779221,500,referral_reward
VCH00461,REFERRAL_REWARD_628_461,percentage,0.0,10.0,50000.0,2025-12-09 00:20:47.779221,2026-07-07 00:20:47.779221,100,referral_reward
VCH00462,CASHBACK_337_462,percentage,0.0,20.0,150000.0,2025-12-09 00:20:47.779221,2026-07-07 00:20:47.779221,1000,cashback
VCH00463,FREE_SHIPPING_129_463,percentage,0.0,20.0,150000.0,2025-12-09 00:20:47.779221,2026-07-07 00:20:47.779221,100,free_shipping
VCH00464,LOYALTY_REWARD_104_464,fixed_amount,75000.0,0.0,150000.0,2025-12-09 00:20:47.779221,2026-07-07 00:20:47.779221,100,loyalty_reward
VCH00465,CASHBACK_204_465,percentage,0.0,25.0,0.0,2025-12-09 00:20:47.779221,2026-07-07 00:20:47.779221,100,cashback
VCH00466,CASHBACK_216_466,fixed_amount,75000.0,0.0,50000.0,2025-12-09 00:20:47.779221,2026-07-07 00:20:47.779221,500,cashback
VCH00467,LOYALTY_REWARD_725_467,fixed_amount,75000.0,0.0,100000.0,2025-12-09 00:20:47.779221,2026-07-07 00:20:47.779221,1000,loyalty_reward
VCH00468,CASHBACK_732_468,percentage,0.0,20.0,100000.0,2025-12-09 00:20:47.779221,2026-07-07 00:20:47.779221,100,cashback
VCH00469,LOYALTY_REWARD_420_469,fixed_amount,20000.0,0.0,0.0,2025-12-09 00:20:47.779221,2026-07-07 00:20:47.779221,50,loyalty_reward
VCH00470,CASHBACK_482_470,percentage,0.0,10.0,0.0,2025-12-09 00:20:47.779221,2026-07-07 00:20:47.779221,100,cashback
VCH00471,FLASH_SALE_533_471,fixed_amount,75000.0,0.0,50000.0,2025-12-09 00:20:47.779221,2026-07-07 00:20:47.779221,100,flash_sale
VCH00472,REFERRAL_REWARD_601_472,fixed_amount,20000.0,0.0,50000.0,2025-12-09 00:20:47.779221,2026-07-07 00:20:47.779221,500,referral_reward
VCH00473,FREE_SHIPPING_734_473,percentage,0.0,20.0,100000.0,2025-12-09 00:20:47.779221,2026-07-07 00:20:47.779221,50,free_shipping
VCH00474,NEW_USER_PROMO_299_474,fixed_amount,20000.0,0.0,150000.0,2025-12-09 00:20:47.779221,2026-07-07 00:20:47.779221,1000,new_user_promo
VCH00475,FLASH_SALE_827_475,fixed_amount,75000.0,0.0,150000.0,2025-12-09 00:20:47.779221,2026-07-07 00:20:47.779221,1000,flash_sale
VCH00476,FREE_SHIPPING_914_476,fixed_amount,10000.0,0.0,0.0,2025-12-09 00:20:47.779221,2026-07-07 00:20:47.779221,100,free_shipping
VCH00477,NEW_USER_PROMO_650_477,fixed_amount,20000.0,0.0,100000.0,2025-12-09 00:20:47.779221,2026-07-07 00:20:47.779221,500,new_user_promo
VCH00478,FLASH_SALE_623_478,percentage,0.0,25.0,150000.0,2025-12-09 00:20:47.779221,2026-07-07 00:20:47.779221,50,flash_sale
VCH00479,CASHBACK_942_479,percentage,0.0,25.0,100000.0,2025-12-09 00:20:47.779221,2026-07-07 00:20:47.779221,50,cashback
VCH00480,LOYALTY_REWARD_204_480,fixed_amount,75000.0,0.0,50000.0,2025-12-09 00:20:47.779221,2026-07-07 00:20:47.779221,100,loyalty_reward
VCH00481,NEW_USER_PROMO_456_481,fixed_amount,50000.0,0.0,150000.0,2025-12-09 00:20:47.779221,2026-07-07 00:20:47.779221,50,new_user_promo
VCH00482,NEW_USER_PROMO_930_482,fixed_amount,20000.0,0.0,50000.0,2025-12-09 00:20:47.779221,2026-07-07 00:20:47.779221,500,new_user_promo
VCH00483,FREE_SHIPPING_933_483,fixed_amount,20000.0,0.0,50000.0,2025-12-09 00:20:47.779221,2026-07-07 00:20:47.779221,100,free_shipping
VCH00484,LOYALTY_REWARD_387_484,percentage,0.0,25.0,100000.0,2025-12-09 00:20:47.779221,2026-07-07 00:20:47.779221,100,loyalty_reward
VCH00485,REFERRAL_REWARD_686_485,fixed_amount,50000.0,0.0,100000.0,2025-12-09 00:20:47.779221,2026-07-07 00:20:47.779221,500,referral_reward
VCH00486,FREE_SHIPPING_383_486,percentage,0.0,5.0,150000.0,2025-12-09 00:20:47.779221,2026-07-07 00:20:47.779221,100,free_shipping
VCH00487,FREE_SHIPPING_948_487,percentage,0.0,15.0,50000.0,2025-12-09 00:20:47.779221,2026-07-07 00:20:47.779221,100,free_shipping
VCH00488,FLASH_SALE_742_488,fixed_amount,50000.0,0.0,50000.0,2025-12-09 00:20:47.779221,2026-07-07 00:20:47.779221,1000,flash_sale
VCH00489,FLASH_SALE_512_489,fixed_amount,10000.0,0.0,0.0,2025-12-09 00:20:47.779221,2026-07-07 00:20:47.779221,500,flash_sale
VCH00490,FLASH_SALE_695_490,fixed_amount,50000.0,0.0,150000.0,2025-12-09 00:20:47.779221,2026-07-07 00:20:47.779221,50,flash_sale
VCH00491,REFERRAL_REWARD_970_491,percentage,0.0,15.0,150000.0,2025-12-09 00:20:47.779221,2026-07-07 00:20:47.779221,50,referral_reward
VCH00492,FREE_SHIPPING_606_492,fixed_amount,20000.0,0.0,150000.0,2025-12-09 00:20:47.779221,2026-07-07 00:20:47.779221,500,free_shipping
VCH00493,CASHBACK_679_493,fixed_amount,20000.0,0.0,100000.0,2025-12-09 00:20:47.779221,2026-07-07 00:20:47.779221,1000,cashback
VCH00494,REFERRAL_REWARD_201_494,fixed_amount,10000.0,0.0,0.0,2025-12-09 00:20:47.779221,2026-07-07 00:20:47.779221,1000,referral_reward
VCH00495,NEW_USER_PROMO_567_495,percentage,0.0,20.0,50000.0,2025-12-09 00:20:47.779221,2026-07-07 00:20:47.779221,50,new_user_promo
VCH00496,FREE_SHIPPING_262_496,fixed_amount,50000.0,0.0,50000.0,2025-12-09 00:20:47.779221,2026-07-07 00:20:47.779221,500,free_shipping
VCH00497,REFERRAL_REWARD_184_497,percentage,0.0,15.0,100000.0,2025-12-09 00:20:47.779221,2026-07-07 00:20:47.779221,500,referral_reward
VCH00498,NEW_USER_PROMO_843_498,percentage,0.0,15.0,150000.0,2025-12-09 00:20:47.779221,2026-07-07 00:20:47.779221,100,new_user_promo
VCH00499,REFERRAL_REWARD_101_499,fixed_amount,10000.0,0.0,0.0,2025-12-09 00:20:47.779221,2026-07-07 00:20:47.779221,100,referral_reward
VCH00500,NEW_USER_PROMO_631_500,fixed_amount,20000.0,0.0,50000.0,2025-12-09 00:20:47.779221,2026-07-07 00:20:47.779221,1000,new_user_promo
